ANT1,5.49,-15.93,180.00,2450AT18B100E,2450AT18B100E_ANTC3216X140N
C1,10.26,5.16,270.00,12pF,NORDIC_NRF_3_RESC0201_L
C1-EP-DR,-16.20,-9.50,90.00,10uF,NORDIC_NRF_3_RESC0402_L
C10,3.37,6.01,90.00,N.C.,NORDIC_NRF_3_RESC0201_L
C11,9.36,2.62,0.00,100pF,NORDIC_NRF_3_RESC0201_L
C12,6.16,5.16,90.00,100nF,NORDIC_NRF_3_RESC0201_L
C13,7.22,5.12,90.00,N.C.,NORDIC_NRF_3_RESC0201_L
C14,7.10,-6.51,270.00,4.7µF,NORDIC_NRF_3_RESC0402_L
C15,5.17,5.19,270.00,1.0µF,NORDIC_NRF_3_RESC0402_L
C16,3.39,4.65,270.00,47nF,NORDIC_NRF_3_RESC0201_L
C17,-3.57,1.98,0.00,12pF,NORDIC_NRF_3_RESC0201_L
C18,-2.78,-3.67,90.00,12pF,NORDIC_NRF_3_RESC0201_L
C19,20.31,13.89,270.00,100nF,NORDIC_NRF_3_RESC0201_L
C2,9.16,5.18,270.00,12pF,NORDIC_NRF_3_RESC0201_L
C2-EP-DR,-15.89,-12.85,180.00,4.7uF/25V,NORDIC_NRF_3_RESC0402_L
C20,0.48,-7.00,270.00,4.7µF,NORDIC_NRF_3_RESC0402_L
C21,2.18,-6.99,270.00,4.7µF,NORDIC_NRF_3_RESC0402_L
C22,7.13,-9.22,0.00,N.C.,NORDIC_NRF_3_RESC0201_L
C23,5.58,14.78,270.00,0.1uF,GRM011R60J152KE01L_2_CAPC0201X13N
C24,13.19,12.07,180.00,10uF,NORDIC_NRF_3_RESC0402_L
C25,5.76,16.31,90.00,22uF,NORDIC_NRF_3_RESC0402_L
C27,-11.95,16.50,90.00,0.1uF,GRM011R60J152KE01L_2_CAPC0201X13N
C29,13.99,-16.47,90.00,1uF,NORDIC_NRF_3_RESC0402_L
C3,9.38,1.12,0.00,1pF,NORDIC_NRF_3_RESC0201_L
C30,-14.02,-16.45,270.00,1uF,NORDIC_NRF_3_RESC0402_L
C31,-2.98,-16.47,90.00,1uF,NORDIC_NRF_3_RESC0402_L
C32,16.52,-9.80,0.00,1uF,NORDIC_NRF_3_RESC0402_L
C33,11.92,16.65,0.00,22uF,NORDIC_NRF_3_RESC0402_L
C34,19.80,-12.12,270.00,0.1uF,GRM011R60J152KE01L_2_CAPC0201X13N
C37,-13.84,16.44,270.00,1uF,NORDIC_NRF_3_RESC0402_L
C38,-18.46,8.84,90.00,1uF,NORDIC_NRF_3_RESC0402_L
C39,-18.46,11.13,270.00,10uF,NORDIC_NRF_3_RESC0402_L
C4,7.11,-10.28,0.00,1pF,NORDIC_NRF_3_RESC0201_L
C42,5.56,13.94,90.00,0.1uF,GRM011R60J152KE01L_2_CAPC0201X13N
C43,5.68,12.44,270.00,4.7uF,NORDIC_NRF_3_RESC0402_L
C5,-3.41,2.84,180.00,100nF,NORDIC_NRF_3_RESC0201_L
C6,-1.82,5.34,90.00,4.7µF,NORDIC_NRF_3_RESC0402_L
C7,5.24,-6.84,270.00,100nF,NORDIC_NRF_3_RESC0201_L
C8,-2.94,5.27,90.00,100nF,NORDIC_NRF_3_RESC0201_L
C9,9.35,-0.78,0.00,820pF,NORDIC_NRF_3_RESC0201_L
D2,-6.70,-10.55,180.00,MBR0530,ESP32_C6_LIBRARY_5_SOD3716X135N
D3,-9.17,11.82,180.00,ESP32_C6_LIBRARY_3_USBLC6-2SC6Y,ESP32_C6_LIBRARY_3_SOT95P280X145-6N
D4,-6.38,-14.72,90.00,MBR0530,ESP32_C6_LIBRARY_5_SOD3716X135N
D5,-12.68,-10.52,180.00,MBR0530,ESP32_C6_LIBRARY_5_SOD3716X135N
EPD_C1,-9.34,5.09,180.00,1uF/50V,NORDIC_NRF_3_RESC0402_L
EPD_C10,-8.99,-4.72,0.00,1uF/50V,NORDIC_NRF_3_RESC0402_L
EPD_C11,-9.02,-5.66,0.00,1uF/50V,NORDIC_NRF_3_RESC0402_L
EPD_C12,-9.03,-6.61,0.00,1uF/50V,NORDIC_NRF_3_RESC0402_L
EPD_C2,-9.35,6.05,180.00,1uF/50V,NORDIC_NRF_3_RESC0402_L
EPD_C5,-9.23,2.73,180.00,0.1uF/50V,NORDIC_NRF_3_RESC0201_L
EPD_C6,-9.09,1.43,180.00,1uF/50V,NORDIC_NRF_3_RESC0402_L
EPD_C7,-9.09,0.24,180.00,1uF/50V,NORDIC_NRF_3_RESC0402_L
EPD_C8,-9.07,-1.01,180.00,1uF/50V,NORDIC_NRF_3_RESC0402_L
EPD_C9,-8.99,-3.77,180.00,1uF/50V,NORDIC_NRF_3_RESC0402_L
IC1,-15.28,13.17,180.00,BQ25180YBGR,BQ25180YBGR_BGA8C40P2X4_100X155X50
IC2,16.59,-12.84,0.00,DRV2605YZFR,DRV2605YZFR_BGA9C50P3X3_144X144X62
IC3,16.62,11.41,180.00,BMA421,BMA423_BMA423
IC9,8.18,14.84,180.00,RT6160AWSC,RT6160AWSC_BGA15C40P3X5_140X230X60
J1,-13.70,0.00,270.00,503480-2400,503480-2400_5034802400
J2,16.94,-2.24,90.00,TC2030-IDC,TC2030-IDC_TC2030IDC
J4,0.00,13.84,180.00,KH-TYPE-C-16P_KH-TYPE-C-16P,KH-TYPE-C-16P_KINGHELM_KH-TYPE-C-16P
L1,9.38,0.18,0.00,3.9nH,NORDIC_NRF_2_RESC0402_L
L2,-0.32,5.33,90.00,10µH,NORDIC_NRF_2_RESC0402_L
L3,1.20,5.26,270.00,15nH,NORDIC_NRF_2_RESC0402_L
L5,-19.63,-9.87,0.00,68uH,ESP32_C6_LIBRARY_2_IND_4828-WE-TPC_WRE
L7,8.78,10.91,0.00,FTC252012SR47MBCA,MLP2016SR47MT0S1_INDC2016X100N
Q1,-6.40,-6.10,90.00,20V/4.2A/52mΩ/1.4W,ESP32_C6_LIBRARY_4_ESP32_C6_LIBRARY_4_ESP32_C6_LIBRARY_4_ESP32_C6_LIBRARY_4_ESP32_WROVER_SPARKFUN-DISCRETESEMI_SOT23-3
Q3,-16.43,-15.30,270.00,SI1308EDL-T1-GE3,ESP32_C6_LIBRARY_6_SOT65P210X110-3N
R1-EP-DR,-14.03,-14.07,0.00,0.47,CPF0201D7K68C1_0201
R17,11.08,13.99,270.00,3K3,CPF0201D7K68C1_0201
R18,10.92,8.57,180.00,3K3,CPF0201D7K68C1_0201
R1_USB,0.40,9.42,90.00,5K1,CPF0201D7K68C1_0201
R2,11.08,15.37,270.00,0,CPF0201D7K68C1_0201
R2-EP-DR,-14.70,-13.70,0.00,10K,CPF0201D7K68C1_0201
R2_USB,-1.27,9.42,90.00,5K1,CPF0201D7K68C1_0201
R3,20.30,12.33,180.00,0,CPF0201D7K68C1_0201
R4,9.92,14.66,270.00,0,CPF0201D7K68C1_0201
R5,-14.07,-15.16,270.00,10k,CPF0201D7K68C1_0201
R7,14.40,-15.02,90.00,10k,CPF0201D7K68C1_0201
R8,-3.25,-15.03,270.00,10k,CPF0201D7K68C1_0201
R9,-15.26,15.75,90.00,10K,CPF0201D7K68C1_0201
R_PWR_EPD,-5.68,-6.12,180.00,10K,CPF0201D7K68C1_0201
R_TYPE_SEL,-18.56,-15.81,90.00,2.2,CPF0201D7K68C1_0201
SJ1,-19.51,-13.98,0.00,,ESP32_C6_LIBRARY_7_JUMPER_SJ
SW_DN,11.00,-14.30,180.00,2025-10-22_07-23-44_LIBRARY_EVP-AKE31ASW_EVP-AKE31A_PAN,2025-10-22_07-23-44_LIBRARY_SW_EVP-AKE31A_PAN
SW_ENT,0.00,-14.30,180.00,2025-10-22_07-23-44_LIBRARY_EVP-AKE31ASW_EVP-AKE31A_PAN,2025-10-22_07-23-44_LIBRARY_SW_EVP-AKE31A_PAN
SW_UP,-11.00,-14.30,180.00,2025-10-22_07-23-44_LIBRARY_EVP-AKE31ASW_EVP-AKE31A_PAN,2025-10-22_07-23-44_LIBRARY_SW_EVP-AKE31A_PAN
TP1,20.16,-9.77,0.00,HECTOR_WATCH_1_TPTP20R,HECTOR_WATCH_1_TP20R
TP2,19.52,-14.81,0.00,HECTOR_WATCH_1_TPTP20R,HECTOR_WATCH_1_TP20R
TP_3.3V,5.04,-10.83,0.00,HECTOR_WATCH_1_TPTP20R,HECTOR_WATCH_1_TP20R
TP_3V3,17.73,8.16,0.00,HECTOR_WATCH_1_TPTP20R,HECTOR_WATCH_1_TP20R
TP_BAT_GND,-20.72,11.66,0.00,HECTOR_WATCH_1_TPTP20R,HECTOR_WATCH_1_TP20R
TP_GND,21.18,8.91,0.00,HECTOR_WATCH_1_TPTP20R,HECTOR_WATCH_1_TP20R
TP_RESET,14.90,4.91,0.00,HECTOR_WATCH_1_TPTP20R,HECTOR_WATCH_1_TP20R
TP_SCL,13.76,8.24,0.00,HECTOR_WATCH_1_TPTP20R,HECTOR_WATCH_1_TP20R
TP_SDA,16.77,15.73,0.00,HECTOR_WATCH_1_TPTP20R,HECTOR_WATCH_1_TP20R
TP_SWDCLK,17.92,4.80,0.00,HECTOR_WATCH_1_TPTP20R,HECTOR_WATCH_1_TP20R
TP_SWDIO,20.91,4.81,0.00,HECTOR_WATCH_1_TPTP20R,HECTOR_WATCH_1_TP20R
TP_SWO,9.51,-3.65,0.00,HECTOR_WATCH_1_TPTP20R,HECTOR_WATCH_1_TP20R
TP_VBAT,-18.88,14.70,0.00,HECTOR_WATCH_1_TPTP20R,HECTOR_WATCH_1_TP20R
TP_VREG,13.33,13.84,0.00,HECTOR_WATCH_1_TPTP20R,HECTOR_WATCH_1_TP20R
U1,4.07,-0.77,0.00,NRF52840_QF,NORDIC_NRF_4_AQFN50P700X700X85_HS-74N
U3,-9.16,15.43,0.00,MAX17048G+T10,ESP32_C6_LIBRARY_SON50P200X200X80-9N
X1,1.37,-11.40,0.00,32MHZ,NORDIC_NRF_BT-XTAL_2016_N
X2,-2.81,-0.93,90.00,32.768kHz,NORDIC_NRF_1_XTAL_3215_N
